{
    "metadata": {
        "create_date": "2021-01-11 12:17:05",
        "format_version": "1.1",
        "locus": "HgcA_cap-helix"
    },
    "files": {
        "phylo_model": "phylo_modelyp54po9t.json",
        "aln_fasta": "Hg-MATE-Db.v1.ISOCELMAG-HgcA-cap-helix-align-bmge.fasta",
        "aln_sto": "Hg-MATE-Db.v1.ISOCELMAG_HgcA_CH.stockholm",
        "profile": "Hg-MATE-Db.v1.ISOCELMAG_HgcA_CH.hmm",
        "seq_info": "seq_info.csv",
        "taxonomy": "taxa.csv",
        "tree": "RAxML_bipartitions.Hg-MATE-Db.v1.ISOCELMAG-HgcA-CH-ML-100bs-tree-rooted",
        "tree_stats": "RAxML_info.Hg-MATE-Db.v1.ISOCELMAG-HgcA_HgcA-CH-ML-100bs-tree"
    },
    "md5": {
        "phylo_model": "347db4b223722d7fb0be71890d23fb2f",
        "aln_fasta": "e34c914a0ee3a1984a01b83341fccd0d",
        "aln_sto": "58403285e303958c8a99e5f15308e860",
        "profile": "c23ce3a519ed51b287fa67bfb7e153ec",
        "seq_info": "0345c7bca355c59a86fa6f6cc549482a",
        "taxonomy": "46c597195e52bbc5017d7a9ad23b46e7",
        "tree": "21dc6cfbc6900ead0e9c888034834cfe",
        "tree_stats": "784d4c42813424e9d274b5b317c5275e"
    },
    "log": [
        "Stripped refpkg (removed 0 files)",
        "Loaded initial files into empty refpkg"
    ],
    "rollback": null,
    "rollforward": null
}
